{
    "loss": 0.5010381937026978,
    "accuracy": 0.800000011920929
}