{
    "loss": 0.43152013421058655,
    "accuracy": 0.7866666913032532
}